{"loss": 0.08750155597806451, "val_loss": 0.07771054096148161, "MSE": 0.01878820219590234, "L1": 0.07771054096148161, "epoch": 16, "learning_rate": 9.381533400219321e-05, "_timestamp": 1666617773.8755405, "_runtime": 1149.590306520462, "_step": 15, "_wandb": {"runtime": 1204}}